year,avg_happiness_score
2015,5.37573417721519
2016,5.382184713375796
2017,5.354019355774193
2018,5.375916666666667
2019,5.407096153846154
2020,5.473239862849673
2021,5.532838926174497
2022,5.553575342465753
2023,5.539795620437956
